123,rare
185,uncommon
87,uncommon
73,uncommon
127,common
96,common
114,common
217,common
218,common
197,common
111,common
58,common
101,common
31,common
248,common
183,rare
175,uncommon
190,uncommon
177,uncommon
220,common
27,common
86,common
15,common
172,common
149,common
96,common
118,common
29,common
64,common
245,common
2,rare
6,uncommon
191,uncommon
90,uncommon
22,common
197,common
92,common
234,common
200,common
36,common
143,common
105,common
46,common
172,common
251,common
84,rare
209,uncommon
97,uncommon
201,uncommon
100,common
196,common
133,common
142,common
46,common
68,common
27,common
52,common
76,common
237,common
255,common
44,rare
226,uncommon
125,uncommon
181,uncommon
50,common
14,common
61,common
21,common
247,common
150,common
56,common
31,common
3,common
17,common
245,common
192,rare
9,uncommon
13,uncommon
41,uncommon
17,common
86,common
59,common
37,common
46,common
67,common
176,common
34,common
31,common
100,common
255,common
259,rare
73,uncommon
128,uncommon
162,uncommon
134,common
80,common
129,common
21,common
36,common
169,common
89,common
119,common
158,common
94,common
248,common
189,mythic
9,uncommon
130,uncommon
173,uncommon
135,common
85,common
18,common
146,common
147,common
172,common
216,common
114,common
210,common
78,common
243,common
75,rare
7,uncommon
125,uncommon
206,uncommon
193,common
28,common
216,common
88,common
178,common
62,common
149,common
247,common
158,common
126,common
248,common
47,rare
128,uncommon
154,uncommon
11,uncommon
150,common
88,common
143,common
78,common
37,common
60,common
219,common
18,common
67,common
149,common
243,common
141,rare
131,uncommon
73,uncommon
162,uncommon
135,common
21,common
174,common
120,common
134,common
68,common
101,common
29,common
140,common
70,common
245,common
170,rare
242,uncommon
201,uncommon
117,uncommon
25,common
72,common
196,common
139,common
3,common
28,common
14,common
52,common
34,common
174,common
255,common
132,rare
82,uncommon
103,uncommon
230,uncommon
104,common
56,common
119,common
231,common
169,common
135,common
37,common
52,common
50,common
199,common
245,common
109,rare
242,uncommon
167,uncommon
177,uncommon
158,common
28,common
78,common
172,common
43,common
176,common
18,common
5,common
59,common
118,common
248,common
188,mythic
12,uncommon
226,uncommon
214,uncommon
129,common
119,common
133,common
237,common
94,common
70,common
217,common
42,common
1,common
36,common
245,common
165,rare
53,uncommon
175,uncommon
202,uncommon
219,common
20,common
23,common
65,common
36,common
129,common
198,common
86,common
100,common
5,common
251,common
250,rare
227,uncommon
182,uncommon
32,uncommon
118,common
20,common
120,common
92,common
144,common
95,common
220,common
96,common
85,common
15,common
251,common
148,rare
102,uncommon
90,uncommon
136,uncommon
22,common
89,common
88,common
105,common
151,common
95,common
43,common
231,common
20,common
114,common
251,common
204,rare
239,uncommon
236,uncommon
215,uncommon
178,common
139,common
72,common
89,common
85,common
240,common
78,common
147,common
28,common
14,common
248,common
208,mythic
167,uncommon
173,uncommon
215,uncommon
238,common
101,common
216,common
140,common
42,common
247,common
151,common
210,common
80,common
150,common
255,common
19,rare
163,uncommon
45,uncommon
145,uncommon
200,common
134,common
149,common
35,common
80,common
1,common
96,common
72,common
111,common
197,common
248,common
232,rare
209,uncommon
163,uncommon
82,uncommon
25,common
67,common
147,common
238,common
29,common
61,common
27,common
158,common
57,common
5,common
243,common
253,rare
54,uncommon
131,uncommon
26,uncommon
58,common
34,common
199,common
111,common
118,common
43,common
176,common
144,common
147,common
89,common
245,common
168,rare
136,uncommon
186,uncommon
166,uncommon
25,common
70,common
234,common
60,common
80,common
62,common
216,common
238,common
112,common
3,common
248,common
44,rare
53,uncommon
55,uncommon
181,uncommon
67,common
61,common
25,common
110,common
42,common
126,common
127,common
234,common
219,common
70,common
248,common
113,rare
125,uncommon
214,uncommon
24,uncommon
35,common
27,common
193,common
129,common
21,common
110,common
60,common
23,common
199,common
135,common
255,common
212,rare
175,uncommon
154,uncommon
102,uncommon
149,common
140,common
70,common
143,common
178,common
220,common
174,common
94,common
65,common
68,common
248,common
254,rare
175,uncommon
177,uncommon
155,uncommon
20,common
78,common
60,common
22,common
178,common
112,common
147,common
111,common
70,common
94,common
251,common
221,rare
209,uncommon
214,uncommon
130,uncommon
146,common
36,common
62,common
139,common
80,common
142,common
25,common
105,common
37,common
172,common
255,common
132,rare
194,uncommon
167,uncommon
161,uncommon
218,common
100,common
126,common
217,common
240,common
105,common
22,common
88,common
196,common
144,common
245,common
225,rare
235,uncommon
228,uncommon
173,uncommon
237,common
150,common
58,common
240,common
200,common
118,common
120,common
46,common
247,common
219,common
251,common
259,rare
209,uncommon
6,uncommon
145,uncommon
237,common
78,common
95,common
193,common
76,common
62,common
80,common
176,common
61,common
110,common
243,common
75,rare
54,uncommon
187,uncommon
236,uncommon
65,common
193,common
134,common
133,common
139,common
52,common
50,common
151,common
174,common
149,common
255,common
192,rare
201,uncommon
215,uncommon
173,uncommon
198,common
120,common
86,common
14,common
25,common
59,common
112,common
139,common
144,common
210,common
251,common
253,rare
13,uncommon
26,uncommon
122,uncommon
86,common
118,common
37,common
56,common
85,common
57,common
29,common
100,common
67,common
142,common
245,common
208,mythic
241,uncommon
33,uncommon
202,uncommon
135,common
129,common
86,common
119,common
23,common
43,common
238,common
36,common
1,common
5,common
251,common
30,rare
12,uncommon
9,uncommon
121,uncommon
65,common
164,common
172,common
61,common
56,common
234,common
14,common
197,common
216,common
231,common
248,common
4,rare
236,uncommon
227,uncommon
228,uncommon
193,common
144,common
15,common
210,common
34,common
240,common
95,common
59,common
119,common
134,common
255,common
171,rare
107,uncommon
155,uncommon
79,uncommon
220,common
60,common
112,common
80,common
120,common
169,common
58,common
217,common
218,common
23,common
248,common
148,rare
13,uncommon
83,uncommon
162,uncommon
216,common
85,common
158,common
67,common
164,common
111,common
247,common
147,common
27,common
86,common
243,common
203,rare
90,uncommon
154,uncommon
45,uncommon
23,common
68,common
150,common
237,common
216,common
147,common
18,common
31,common
135,common
58,common
251,common
152,rare
107,uncommon
73,uncommon
16,uncommon
21,common
172,common
139,common
36,common
238,common
142,common
174,common
3,common
158,common
88,common
245,common
39,rare
131,uncommon
13,uncommon
81,uncommon
56,common
105,common
62,common
119,common
176,common
89,common
15,common
238,common
112,common
150,common
243,common
10,mythic
201,uncommon
226,uncommon
16,uncommon
197,common
43,common
64,common
96,common
95,common
134,common
89,common
220,common
78,common
22,common
243,common
207,mythic
24,uncommon
201,uncommon
116,uncommon
92,common
118,common
52,common
17,common
158,common
18,common
85,common
56,common
120,common
76,common
245,common
183,rare
81,uncommon
182,uncommon
167,uncommon
34,common
151,common
92,common
20,common
21,common
80,common
89,common
219,common
31,common
76,common
255,common
2,rare
185,uncommon
108,uncommon
161,uncommon
95,common
60,common
100,common
176,common
111,common
20,common
119,common
240,common
17,common
200,common
243,common
258,rare
128,uncommon
187,uncommon
41,uncommon
247,common
57,common
1,common
199,common
64,common
37,common
18,common
3,common
72,common
231,common
248,common
179,rare
87,uncommon
235,uncommon
130,uncommon
88,common
89,common
21,common
43,common
218,common
57,common
22,common
174,common
92,common
146,common
251,common
224,rare
235,uncommon
26,uncommon
166,uncommon
72,common
36,common
114,common
28,common
238,common
146,common
61,common
143,common
200,common
100,common
251,common
165,rare
186,uncommon
55,uncommon
223,uncommon
64,common
210,common
46,common
29,common
134,common
28,common
31,common
197,common
196,common
158,common
243,common
77,rare
214,uncommon
202,uncommon
83,uncommon
18,common
62,common
100,common
37,common
92,common
120,common
52,common
31,common
105,common
172,common
243,common
254,rare
209,uncommon
130,uncommon
41,uncommon
126,common
28,common
176,common
100,common
105,common
219,common
127,common
139,common
216,common
198,common
248,common
124,rare
131,uncommon
79,uncommon
66,uncommon
133,common
129,common
34,common
178,common
140,common
70,common
86,common
29,common
37,common
169,common
255,common
8,rare
155,uncommon
228,uncommon
108,uncommon
42,common
50,common
150,common
67,common
237,common
78,common
27,common
144,common
217,common
105,common
243,common
160,rare
177,uncommon
103,uncommon
82,uncommon
142,common
196,common
50,common
216,common
15,common
210,common
34,common
94,common
80,common
200,common
255,common
250,rare
226,uncommon
11,uncommon
33,uncommon
110,common
62,common
133,common
58,common
118,common
220,common
150,common
193,common
143,common
139,common
251,common
115,rare
241,uncommon
185,uncommon
215,uncommon
20,common
17,common
111,common
94,common
149,common
37,common
119,common
70,common
35,common
104,common
245,common
4,rare
24,uncommon
48,uncommon
117,uncommon
85,common
64,common
76,common
14,common
240,common
147,common
3,common
127,common
61,common
197,common
251,common
44,rare
136,uncommon
182,uncommon
242,uncommon
198,common
67,common
135,common
80,common
234,common
176,common
42,common
238,common
200,common
174,common
245,common
19,rare
9,uncommon
79,uncommon
190,uncommon
43,common
5,common
58,common
218,common
101,common
220,common
199,common
112,common
198,common
111,common
243,common
141,rare
182,uncommon
181,uncommon
13,uncommon
22,common
231,common
149,common
27,common
217,common
134,common
34,common
135,common
85,common
119,common
245,common
229,rare
145,uncommon
82,uncommon
106,uncommon
164,common
67,common
174,common
94,common
36,common
114,common
178,common
112,common
176,common
56,common
251,common
257,rare
53,uncommon
11,uncommon
228,uncommon
149,common
20,common
139,common
169,common
62,common
14,common
133,common
37,common
238,common
96,common
255,common
63,rare
93,uncommon
156,uncommon
41,uncommon
144,common
151,common
110,common
139,common
172,common
143,common
3,common
72,common
196,common
5,common
248,common
71,rare
117,uncommon
185,uncommon
40,uncommon
220,common
240,common
89,common
86,common
85,common
43,common
60,common
31,common
17,common
218,common
255,common
222,rare
82,uncommon
125,uncommon
191,uncommon
5,common
193,common
68,common
65,common
36,common
104,common
70,common
50,common
29,common
119,common
245,common
49,rare
236,uncommon
97,uncommon
228,uncommon
217,common
22,common
1,common
80,common
96,common
231,common
88,common
58,common
135,common
59,common
245,common
204,rare
154,uncommon
11,uncommon
32,uncommon
50,common
65,common
146,common
95,common
17,common
25,common
169,common
210,common
111,common
15,common
243,common
253,rare
117,uncommon
136,uncommon
201,uncommon
220,common
23,common
42,common
35,common
68,common
219,common
118,common
247,common
199,common
140,common
255,common
30,rare
190,uncommon
55,uncommon
54,uncommon
92,common
14,common
104,common
126,common
20,common
76,common
110,common
1,common
57,common
120,common
243,common
258,rare
116,uncommon
181,uncommon
122,uncommon
68,common
31,common
150,common
25,common
197,common
23,common
59,common
158,common
118,common
217,common
251,common
165,rare
48,uncommon
186,uncommon
93,uncommon
134,common
64,common
59,common
29,common
231,common
146,common
14,common
169,common
46,common
139,common
255,common
99,rare
173,uncommon
187,uncommon
74,uncommon
210,common
76,common
17,common
129,common
119,common
72,common
67,common
15,common
126,common
1,common
251,common
4,rare
242,uncommon
102,uncommon
121,uncommon
5,common
144,common
36,common
61,common
220,common
127,common
110,common
28,common
67,common
42,common
248,common
51,rare
11,uncommon
103,uncommon
106,uncommon
100,common
86,common
220,common
1,common
65,common
64,common
193,common
95,common
3,common
101,common
248,common
253,rare
107,uncommon
66,uncommon
16,uncommon
72,common
22,common
146,common
42,common
101,common
198,common
50,common
59,common
174,common
28,common
251,common
170,rare
128,uncommon
227,uncommon
41,uncommon
247,common
219,common
149,common
57,common
101,common
199,common
46,common
70,common
85,common
17,common
251,common
123,rare
128,uncommon
167,uncommon
209,uncommon
151,common
234,common
94,common
104,common
25,common
126,common
144,common
89,common
133,common
37,common
255,common
71,rare
226,uncommon
117,uncommon
33,uncommon
172,common
20,common
193,common
92,common
134,common
174,common
199,common
231,common
240,common
133,common
245,common
232,rare
12,uncommon
209,uncommon
82,uncommon
78,common
150,common
70,common
86,common
88,common
112,common
22,common
231,common
164,common
200,common
243,common
77,rare
161,uncommon
97,uncommon
107,uncommon
21,common
43,common
118,common
218,common
88,common
104,common
112,common
85,common
62,common
68,common
255,common
183,rare
128,uncommon
181,uncommon
83,uncommon
114,common
56,common
50,common
14,common
78,common
5,common
197,common
218,common
29,common
158,common
248,common
254,rare
130,uncommon
121,uncommon
73,uncommon
3,common
144,common
139,common
218,common
164,common
119,common
85,common
65,common
62,common
142,common
251,common
113,rare
13,uncommon
41,uncommon
230,uncommon
176,common
147,common
234,common
210,common
36,common
3,common
15,common
200,common
129,common
237,common
243,common
258,rare
230,uncommon
145,uncommon
9,uncommon
62,common
158,common
92,common
140,common
34,common
110,common
135,common
52,common
64,common
238,common
243,common
212,rare
226,uncommon
108,uncommon
161,uncommon
196,common
25,common
198,common
143,common
139,common
70,common
150,common
3,common
14,common
142,common
243,common
132,rare
102,uncommon
6,uncommon
79,uncommon
127,common
86,common
178,common
37,common
15,common
118,common
238,common
142,common
23,common
147,common
245,common
49,rare
106,uncommon
108,uncommon
206,uncommon
219,common
58,common
234,common
96,common
200,common
78,common
216,common
28,common
5,common
50,common
243,common
168,rare
215,uncommon
236,uncommon
163,uncommon
143,common
43,common
22,common
105,common
80,common
100,common
96,common
17,common
95,common
129,common
248,common
84,rare
236,uncommon
175,uncommon
11,uncommon
147,common
60,common
134,common
193,common
240,common
96,common
78,common
142,common
89,common
92,common
245,common
152,rare
241,uncommon
162,uncommon
175,uncommon
31,common
52,common
199,common
111,common
114,common
151,common
42,common
146,common
176,common
35,common
251,common
39,rare
45,uncommon
190,uncommon
87,uncommon
110,common
238,common
135,common
68,common
65,common
61,common
174,common
217,common
18,common
231,common
245,common
8,rare
40,uncommon
194,uncommon
116,uncommon
34,common
240,common
27,common
31,common
247,common
43,common
200,common
60,common
37,common
64,common
255,common
203,rare
166,uncommon
107,uncommon
228,uncommon
164,common
176,common
196,common
52,common
135,common
61,common
144,common
50,common
88,common
21,common
255,common
160,rare
79,uncommon
145,uncommon
24,uncommon
199,common
220,common
105,common
58,common
135,common
31,common
56,common
5,common
72,common
146,common
243,common
221,rare
122,uncommon
215,uncommon
214,uncommon
217,common
158,common
85,common
100,common
112,common
119,common
59,common
35,common
42,common
142,common
255,common
250,rare
154,uncommon
177,uncommon
242,uncommon
144,common
234,common
216,common
65,common
94,common
3,common
100,common
31,common
80,common
198,common
243,common
99,rare
182,uncommon
166,uncommon
191,uncommon
62,common
120,common
92,common
58,common
198,common
200,common
234,common
110,common
31,common
104,common
248,common
203,rare
81,uncommon
45,uncommon
190,uncommon
61,common
92,common
25,common
199,common
86,common
104,common
143,common
34,common
144,common
178,common
245,common
148,rare
48,uncommon
81,uncommon
83,uncommon
60,common
120,common
178,common
68,common
172,common
164,common
1,common
140,common
134,common
67,common
243,common
38,mythic
177,uncommon
33,uncommon
79,uncommon
110,common
176,common
15,common
111,common
88,common
28,common
237,common
247,common
146,common
43,common
255,common
123,rare
55,uncommon
40,uncommon
16,uncommon
219,common
234,common
147,common
218,common
27,common
105,common
52,common
57,common
217,common
14,common
255,common
224,rare
26,uncommon
202,uncommon
194,uncommon
210,common
126,common
29,common
200,common
158,common
139,common
164,common
96,common
70,common
238,common
245,common
258,rare
32,uncommon
102,uncommon
185,uncommon
142,common
231,common
198,common
76,common
65,common
150,common
37,common
21,common
210,common
120,common
245,common
8,rare
166,uncommon
226,uncommon
136,uncommon
210,common
216,common
140,common
96,common
64,common
105,common
199,common
197,common
80,common
139,common
251,common
179,rare
6,uncommon
230,uncommon
9,uncommon
231,common
76,common
35,common
176,common
219,common
237,common
217,common
31,common
94,common
27,common
245,common
84,rare
79,uncommon
136,uncommon
33,uncommon
17,common
140,common
88,common
78,common
158,common
56,common
219,common
64,common
23,common
220,common
251,common
157,rare
206,uncommon
191,uncommon
45,uncommon
43,common
104,common
34,common
3,common
29,common
151,common
37,common
25,common
1,common
28,common
255,common
165,rare
121,uncommon
26,uncommon
173,uncommon
149,common
216,common
89,common
231,common
58,common
36,common
57,common
240,common
86,common
95,common
243,common
159,mythic
235,uncommon
79,uncommon
230,uncommon
78,common
139,common
144,common
1,common
3,common
61,common
133,common
29,common
149,common
169,common
251,common
132,rare
7,uncommon
185,uncommon
227,uncommon
86,common
35,common
118,common
129,common
218,common
21,common
96,common
14,common
36,common
18,common
248,common
75,rare
82,uncommon
242,uncommon
87,uncommon
43,common
72,common
231,common
193,common
140,common
17,common
216,common
27,common
68,common
95,common
255,common
152,rare
83,uncommon
66,uncommon
12,uncommon
127,common
247,common
43,common
5,common
21,common
133,common
88,common
56,common
237,common
57,common
248,common
63,rare
125,uncommon
108,uncommon
24,uncommon
18,common
127,common
5,common
95,common
151,common
142,common
23,common
114,common
198,common
17,common
248,common
171,rare
82,uncommon
54,uncommon
182,uncommon
172,common
144,common
20,common
67,common
64,common
238,common
22,common
193,common
134,common
70,common
248,common
170,rare
181,uncommon
93,uncommon
242,uncommon
22,common
143,common
240,common
46,common
111,common
126,common
197,common
218,common
139,common
178,common
245,common
49,rare
117,uncommon
163,uncommon
162,uncommon
37,common
57,common
146,common
172,common
174,common
150,common
56,common
199,common
196,common
135,common
251,common
30,rare
223,uncommon
236,uncommon
131,uncommon
219,common
56,common
50,common
112,common
5,common
118,common
238,common
85,common
60,common
22,common
243,common
212,rare
24,uncommon
130,uncommon
181,uncommon
31,common
247,common
60,common
146,common
46,common
58,common
240,common
210,common
72,common
100,common
245,common
75,rare
214,uncommon
121,uncommon
73,uncommon
118,common
169,common
101,common
96,common
68,common
196,common
60,common
114,common
247,common
46,common
245,common
229,rare
215,uncommon
226,uncommon
26,uncommon
29,common
126,common
70,common
197,common
72,common
112,common
237,common
96,common
216,common
139,common
251,common
71,rare
236,uncommon
239,uncommon
206,uncommon
21,common
197,common
14,common
50,common
119,common
15,common
61,common
199,common
56,common
140,common
251,common
253,rare
32,uncommon
241,uncommon
130,uncommon
240,common
28,common
247,common
135,common
80,common
119,common
22,common
198,common
100,common
1,common
243,common
99,rare
162,uncommon
242,uncommon
235,uncommon
198,common
114,common
220,common
110,common
25,common
52,common
14,common
174,common
62,common
31,common
255,common
124,rare
87,uncommon
97,uncommon
163,uncommon
151,common
34,common
110,common
58,common
127,common
57,common
64,common
27,common
68,common
172,common
245,common
171,rare
66,uncommon
33,uncommon
90,uncommon
28,common
143,common
64,common
196,common
60,common
65,common
52,common
216,common
142,common
50,common
245,common
152,rare
117,uncommon
239,uncommon
122,uncommon
95,common
43,common
101,common
86,common
139,common
42,common
96,common
240,common
46,common
231,common
251,common
258,rare
74,uncommon
190,uncommon
116,uncommon
29,common
178,common
68,common
104,common
176,common
21,common
193,common
80,common
89,common
57,common
243,common
232,rare
7,uncommon
166,uncommon
48,uncommon
110,common
65,common
196,common
216,common
237,common
135,common
105,common
120,common
35,common
64,common
248,common
179,rare
214,uncommon
242,uncommon
191,uncommon
112,common
126,common
27,common
95,common
169,common
34,common
111,common
164,common
70,common
76,common
251,common
157,rare
12,uncommon
82,uncommon
228,uncommon
67,common
59,common
149,common
36,common
147,common
133,common
238,common
94,common
17,common
14,common
248,common
259,rare
181,uncommon
107,uncommon
161,uncommon
133,common
35,common
5,common
43,common
149,common
52,common
220,common
142,common
129,common
238,common
255,common
192,rare
11,uncommon
16,uncommon
7,uncommon
37,common
86,common
176,common
58,common
62,common
143,common
146,common
36,common
92,common
105,common
243,common
222,rare
53,uncommon
83,uncommon
55,uncommon
144,common
129,common
118,common
119,common
85,common
127,common
114,common
37,common
100,common
22,common
248,common
8,rare
190,uncommon
227,uncommon
230,uncommon
126,common
76,common
34,common
134,common
18,common
240,common
193,common
42,common
219,common
58,common
243,common
39,rare
223,uncommon
97,uncommon
226,uncommon
231,common
198,common
197,common
237,common
31,common
105,common
133,common
218,common
172,common
70,common
255,common
184,mythic
128,uncommon
66,uncommon
177,uncommon
169,common
120,common
78,common
64,common
231,common
135,common
150,common
147,common
95,common
27,common
245,common
233,rare
235,uncommon
93,uncommon
32,uncommon
20,common
5,common
61,common
129,common
60,common
146,common
140,common
101,common
25,common
28,common
255,common
44,rare
33,uncommon
121,uncommon
191,uncommon
42,common
1,common
94,common
150,common
129,common
56,common
217,common
18,common
234,common
67,common
255,common
4,rare
74,uncommon
40,uncommon
41,uncommon
88,common
110,common
174,common
112,common
35,common
42,common
37,common
96,common
67,common
20,common
251,common
224,rare
128,uncommon
131,uncommon
185,uncommon
80,common
31,common
158,common
218,common
134,common
149,common
18,common
58,common
23,common
210,common
248,common
123,rare
214,uncommon
116,uncommon
130,uncommon
1,common
220,common
17,common
178,common
67,common
120,common
200,common
15,common
37,common
193,common
245,common
160,rare
6,uncommon
81,uncommon
117,uncommon
219,common
178,common
112,common
20,common
231,common
17,common
234,common
217,common
164,common
27,common
248,common
63,rare
82,uncommon
209,uncommon
83,uncommon
220,common
238,common
176,common
100,common
22,common
169,common
231,common
150,common
119,common
218,common
251,common
250,rare
33,uncommon
136,uncommon
54,uncommon
219,common
31,common
43,common
174,common
234,common
146,common
210,common
218,common
64,common
105,common
255,common
47,rare
128,uncommon
214,uncommon
167,uncommon
120,common
21,common
111,common
200,common
217,common
158,common
176,common
149,common
220,common
60,common
251,common
211,mythic
87,uncommon
186,uncommon
239,uncommon
86,common
129,common
62,common
140,common
139,common
105,common
197,common
57,common
126,common
18,common
248,common
10,mythic
215,uncommon
177,uncommon
79,uncommon
28,common
14,common
135,common
35,common
219,common
146,common
199,common
25,common
21,common
210,common
248,common
254,rare
185,uncommon
136,uncommon
145,uncommon
114,common
134,common
85,common
46,common
193,common
112,common
18,common
65,common
174,common
70,common
243,common
257,rare
79,uncommon
162,uncommon
194,uncommon
238,common
17,common
80,common
46,common
67,common
234,common
129,common
172,common
88,common
143,common
255,common
39,rare
117,uncommon
182,uncommon
83,uncommon
196,common
94,common
127,common
172,common
5,common
247,common
78,common
52,common
89,common
58,common
243,common
77,rare
162,uncommon
97,uncommon
12,uncommon
35,common
1,common
85,common
105,common
60,common
151,common
149,common
23,common
94,common
150,common
248,common
148,rare
108,uncommon
13,uncommon
235,uncommon
210,common
110,common
58,common
68,common
46,common
37,common
196,common
65,common
36,common
78,common
248,common
98,rare
167,uncommon
6,uncommon
11,uncommon
37,common
134,common
18,common
126,common
164,common
147,common
234,common
110,common
31,common
174,common
243,common
203,rare
41,uncommon
116,uncommon
162,uncommon
172,common
61,common
112,common
119,common
59,common
34,common
144,common
231,common
94,common
31,common
251,common
115,rare
230,uncommon
82,uncommon
48,uncommon
118,common
15,common
114,common
147,common
176,common
34,common
134,common
200,common
29,common
199,common
255,common
205,rare
228,uncommon
93,uncommon
163,uncommon
15,common
61,common
57,common
27,common
95,common
120,common
86,common
35,common
234,common
92,common
245,common
152,rare
122,uncommon
230,uncommon
131,uncommon
52,common
89,common
3,common
193,common
37,common
56,common
25,common
94,common
61,common
80,common
248,common
84,rare
223,uncommon
227,uncommon
106,uncommon
20,common
231,common
147,common
200,common
95,common
78,common
58,common
169,common
68,common
247,common
251,common
157,rare
73,uncommon
7,uncommon
66,uncommon
72,common
28,common
147,common
111,common
158,common
135,common
142,common
27,common
59,common
43,common
248,common
259,rare
187,uncommon
173,uncommon
201,uncommon
5,common
43,common
50,common
56,common
114,common
65,common
70,common
133,common
129,common
120,common
245,common
51,rare
226,uncommon
242,uncommon
137,uncommon
17,common
218,common
219,common
60,common
118,common
57,common
96,common
101,common
85,common
62,common
243,common
192,rare
156,uncommon
121,uncommon
175,uncommon
64,common
178,common
127,common
218,common
14,common
37,common
240,common
22,common
27,common
134,common
255,common
123,rare
116,uncommon
87,uncommon
103,uncommon
101,common
144,common
150,common
42,common
100,common
52,common
133,common
20,common
3,common
62,common
255,common
141,rare
185,uncommon
93,uncommon
209,uncommon
133,common
197,common
42,common
5,common
101,common
151,common
126,common
140,common
76,common
50,common
245,common
2,rare
137,uncommon
154,uncommon
83,uncommon
196,common
149,common
127,common
89,common
72,common
237,common
112,common
50,common
25,common
70,common
245,common
168,rare
73,uncommon
155,uncommon
161,uncommon
169,common
240,common
135,common
17,common
14,common
199,common
158,common
85,common
96,common
247,common
251,common
257,rare
131,uncommon
163,uncommon
79,uncommon
67,common
78,common
234,common
112,common
80,common
135,common
21,common
50,common
58,common
105,common
245,common
233,rare
209,uncommon
201,uncommon
116,uncommon
64,common
178,common
216,common
22,common
174,common
85,common
95,common
78,common
23,common
237,common
243,common
168,rare
90,uncommon
48,uncommon
215,uncommon
178,common
217,common
120,common
129,common
199,common
114,common
42,common
193,common
197,common
144,common
251,common
99,rare
16,uncommon
41,uncommon
6,uncommon
217,common
95,common
60,common
119,common
57,common
37,common
127,common
25,common
247,common
151,common
248,common
2,rare
87,uncommon
82,uncommon
90,uncommon
112,common
37,common
1,common
42,common
67,common
92,common
96,common
35,common
80,common
100,common
255,common
123,rare
201,uncommon
194,uncommon
227,uncommon
172,common
3,common
68,common
158,common
140,common
80,common
238,common
231,common
164,common
31,common
248,common
232,rare
45,uncommon
215,uncommon
191,uncommon
46,common
64,common
28,common
89,common
158,common
65,common
150,common
126,common
70,common
72,common
251,common
75,rare
191,uncommon
182,uncommon
223,uncommon
234,common
120,common
27,common
114,common
21,common
135,common
60,common
18,common
197,common
142,common
248,common
124,rare
122,uncommon
182,uncommon
156,uncommon
34,common
31,common
158,common
218,common
143,common
120,common
247,common
21,common
144,common
231,common
243,common
171,rare
12,uncommon
181,uncommon
177,uncommon
42,common
70,common
78,common
60,common
17,common
198,common
29,common
234,common
199,common
88,common
248,common
250,rare
107,uncommon
7,uncommon
12,uncommon
29,common
147,common
220,common
61,common
62,common
101,common
169,common
50,common
14,common
86,common
251,common
49,rare
121,uncommon
190,uncommon
55,uncommon
15,common
59,common
196,common
46,common
198,common
174,common
143,common
220,common
101,common
28,common
243,common
71,rare
131,uncommon
116,uncommon
54,uncommon
237,common
15,common
114,common
147,common
70,common
126,common
110,common
105,common
100,common
35,common
245,common
132,rare
90,uncommon
136,uncommon
7,uncommon
110,common
14,common
3,common
92,common
22,common
72,common
133,common
57,common
95,common
147,common
251,common
160,rare
13,uncommon
241,uncommon
130,uncommon
218,common
43,common
120,common
147,common
86,common
143,common
35,common
14,common
200,common
119,common
248,common
10,mythic
230,uncommon
186,uncommon
241,uncommon
17,common
15,common
85,common
144,common
169,common
118,common
94,common
64,common
133,common
56,common
251,common
63,rare
102,uncommon
206,uncommon
66,uncommon
198,common
35,common
149,common
18,common
86,common
196,common
89,common
146,common
50,common
57,common
255,common
212,rare
227,uncommon
191,uncommon
122,uncommon
126,common
134,common
22,common
146,common
142,common
23,common
210,common
127,common
67,common
3,common
248,common
165,rare
97,uncommon
24,uncommon
74,uncommon
18,common
118,common
21,common
129,common
76,common
61,common
50,common
27,common
5,common
196,common
255,common
39,rare
167,uncommon
128,uncommon
136,uncommon
247,common
43,common
217,common
56,common
134,common
67,common
17,common
94,common
149,common
95,common
255,common
51,rare
16,uncommon
155,uncommon
66,uncommon
119,common
196,common
169,common
178,common
100,common
200,common
23,common
164,common
58,common
112,common
245,common
179,rare
228,uncommon
13,uncommon
45,uncommon
29,common
139,common
178,common
61,common
237,common
20,common
219,common
104,common
101,common
142,common
255,common
84,rare
206,uncommon
45,uncommon
83,uncommon
238,common
36,common
89,common
29,common
59,common
237,common
199,common
135,common
5,common
46,common
243,common
253,rare
79,uncommon
82,uncommon
54,uncommon
85,common
112,common
80,common
118,common
17,common
140,common
60,common
59,common
96,common
76,common
255,common
160,rare
45,uncommon
154,uncommon
241,uncommon
247,common
72,common
94,common
197,common
139,common
172,common
70,common
118,common
104,common
3,common
248,common
253,rare
167,uncommon
131,uncommon
137,uncommon
127,common
114,common
164,common
94,common
28,common
100,common
86,common
61,common
110,common
143,common
245,common
229,rare
155,uncommon
162,uncommon
97,uncommon
134,common
198,common
169,common
126,common
92,common
147,common
34,common
144,common
112,common
59,common
251,common
250,rare
185,uncommon
33,uncommon
48,uncommon
95,common
56,common
36,common
198,common
105,common
247,common
15,common
23,common
37,common
193,common
245,common
170,rare
181,uncommon
145,uncommon
16,uncommon
231,common
210,common
135,common
220,common
176,common
20,common
34,common
18,common
151,common
114,common
243,common
232,rare
235,uncommon
122,uncommon
7,uncommon
176,common
65,common
149,common
3,common
28,common
199,common
101,common
110,common
68,common
42,common
255,common
63,rare
182,uncommon
16,uncommon
137,uncommon
61,common
1,common
172,common
169,common
219,common
100,common
34,common
20,common
5,common
146,common
243,common
10,mythic
66,uncommon
87,uncommon
226,uncommon
65,common
67,common
200,common
95,common
140,common
172,common
1,common
25,common
144,common
164,common
251,common
157,rare
209,uncommon
53,uncommon
161,uncommon
111,common
105,common
80,common
126,common
100,common
198,common
178,common
36,common
169,common
196,common
255,common
10,mythic
73,uncommon
26,uncommon
9,uncommon
142,common
146,common
237,common
133,common
127,common
78,common
218,common
46,common
56,common
28,common
243,common
69,mythic
66,uncommon
97,uncommon
122,uncommon
199,common
129,common
135,common
42,common
174,common
112,common
31,common
105,common
70,common
101,common
251,common
47,rare
11,uncommon
228,uncommon
173,uncommon
14,common
196,common
58,common
172,common
96,common
149,common
23,common
178,common
140,common
52,common
243,common
224,rare
223,uncommon
128,uncommon
241,uncommon
147,common
218,common
50,common
112,common
35,common
237,common
240,common
118,common
150,common
5,common
245,common
44,rare
167,uncommon
154,uncommon
239,uncommon
158,common
23,common
140,common
22,common
133,common
61,common
100,common
76,common
104,common
60,common
248,common
123,rare
116,uncommon
161,uncommon
236,uncommon
65,common
110,common
62,common
72,common
96,common
240,common
25,common
101,common
94,common
64,common
255,common
183,rare
11,uncommon
136,uncommon
166,uncommon
37,common
43,common
17,common
217,common
114,common
178,common
143,common
1,common
15,common
193,common
248,common
257,rare
166,uncommon
108,uncommon
202,uncommon
198,common
21,common
219,common
134,common
247,common
70,common
56,common
78,common
3,common
216,common
243,common
222,rare
82,uncommon
186,uncommon
226,uncommon
96,common
151,common
126,common
111,common
27,common
176,common
216,common
60,common
104,common
52,common
255,common
77,rare
145,uncommon
202,uncommon
235,uncommon
200,common
218,common
197,common
14,common
238,common
247,common
31,common
129,common
237,common
60,common
245,common
138,mythic
122,uncommon
74,uncommon
186,uncommon
216,common
80,common
17,common
34,common
197,common
147,common
46,common
120,common
42,common
89,common
248,common
109,rare
242,uncommon
166,uncommon
24,uncommon
67,common
36,common
140,common
31,common
88,common
42,common
142,common
143,common
144,common
28,common
251,common
204,rare
13,uncommon
24,uncommon
181,uncommon
238,common
147,common
234,common
133,common
105,common
112,common
58,common
59,common
89,common
150,common
243,common
152,rare
33,uncommon
12,uncommon
26,uncommon
5,common
43,common
151,common
92,common
80,common
199,common
62,common
85,common
36,common
29,common
245,common
49,rare
181,uncommon
93,uncommon
6,uncommon
18,common
57,common
64,common
21,common
14,common
217,common
22,common
68,common
88,common
218,common
243,common
2,rare
74,uncommon
136,uncommon
102,uncommon
119,common
58,common
150,common
146,common
114,common
164,common
61,common
60,common
72,common
139,common
248,common
109,rare
48,uncommon
66,uncommon
154,uncommon
198,common
18,common
196,common
149,common
14,common
120,common
127,common
43,common
56,common
29,common
255,common
39,rare
87,uncommon
33,uncommon
102,uncommon
28,common
46,common
219,common
31,common
61,common
85,common
18,common
100,common
64,common
94,common
251,common
77,rare
97,uncommon
128,uncommon
223,uncommon
21,common
147,common
56,common
216,common
217,common
218,common
210,common
20,common
1,common
247,common
243,common
141,rare
83,uncommon
128,uncommon
16,uncommon
95,common
135,common
110,common
58,common
111,common
139,common
144,common
94,common
197,common
158,common
245,common
49,rare
79,uncommon
54,uncommon
194,uncommon
15,common
68,common
247,common
178,common
119,common
86,common
92,common
88,common
96,common
67,common
243,common
165,rare
26,uncommon
81,uncommon
202,uncommon
237,common
17,common
68,common
118,common
146,common
218,common
50,common
20,common
105,common
143,common
251,common
188,mythic
40,uncommon
11,uncommon
163,uncommon
64,common
133,common
134,common
142,common
231,common
114,common
27,common
199,common
60,common
59,common
255,common
192,rare
155,uncommon
145,uncommon
103,uncommon
21,common
135,common
59,common
169,common
231,common
198,common
89,common
197,common
95,common
149,common
245,common
19,rare
185,uncommon
186,uncommon
177,uncommon
20,common
200,common
234,common
59,common
86,common
151,common
5,common
176,common
62,common
158,common
248,common
4,rare
13,uncommon
163,uncommon
166,uncommon
199,common
94,common
89,common
22,common
142,common
120,common
151,common
78,common
127,common
60,common
245,common
253,rare
175,uncommon
32,uncommon
223,uncommon
3,common
200,common
105,common
210,common
52,common
234,common
57,common
14,common
65,common
151,common
243,common
250,rare
90,uncommon
24,uncommon
206,uncommon
111,common
237,common
178,common
22,common
3,common
89,common
88,common
147,common
134,common
234,common
255,common
75,rare
87,uncommon
82,uncommon
16,uncommon
149,common
23,common
37,common
25,common
80,common
72,common
126,common
46,common
139,common
216,common
243,common
47,rare
191,uncommon
131,uncommon
173,uncommon
42,common
220,common
126,common
129,common
61,common
50,common
62,common
111,common
197,common
139,common
248,common
160,rare
235,uncommon
186,uncommon
121,uncommon
240,common
21,common
129,common
218,common
140,common
143,common
86,common
219,common
36,common
67,common
255,common
124,rare
201,uncommon
55,uncommon
228,uncommon
5,common
92,common
217,common
112,common
111,common
52,common
150,common
65,common
238,common
43,common
245,common
10,mythic
106,uncommon
227,uncommon
226,uncommon
57,common
140,common
85,common
76,common
15,common
27,common
95,common
101,common
18,common
35,common
245,common
259,rare
122,uncommon
55,uncommon
214,uncommon
164,common
68,common
193,common
52,common
247,common
218,common
27,common
172,common
231,common
104,common
248,common
115,rare
7,uncommon
239,uncommon
154,uncommon
85,common
120,common
76,common
164,common
1,common
65,common
140,common
142,common
57,common
144,common
251,common
8,rare
6,uncommon
117,uncommon
40,uncommon
146,common
143,common
50,common
200,common
199,common
220,common
172,common
119,common
42,common
133,common
245,common
30,rare
241,uncommon
209,uncommon
190,uncommon
110,common
114,common
62,common
31,common
219,common
240,common
14,common
36,common
50,common
22,common
243,common
170,rare
156,uncommon
161,uncommon
117,uncommon
60,common
29,common
25,common
92,common
56,common
15,common
196,common
76,common
17,common
174,common
248,common
132,rare
48,uncommon
145,uncommon
79,uncommon
46,common
1,common
70,common
172,common
164,common
112,common
100,common
174,common
78,common
178,common
255,common
253,rare
87,uncommon
121,uncommon
82,uncommon
219,common
96,common
231,common
62,common
17,common
31,common
199,common
234,common
58,common
85,common
251,common
192,rare
41,uncommon
173,uncommon
131,uncommon
21,common
52,common
89,common
219,common
37,common
144,common
100,common
60,common
240,common
101,common
248,common
77,rare
13,uncommon
190,uncommon
79,uncommon
23,common
110,common
146,common
119,common
46,common
247,common
142,common
59,common
126,common
15,common
243,common
213,mythic
209,uncommon
87,uncommon
82,uncommon
238,common
36,common
110,common
114,common
23,common
127,common
14,common
237,common
143,common
67,common
243,common
132,rare
128,uncommon
166,uncommon
90,uncommon
144,common
100,common
101,common
133,common
217,common
120,common
70,common
27,common
43,common
21,common
251,common
232,rare
161,uncommon
122,uncommon
107,uncommon
199,common
5,common
76,common
114,common
18,common
59,common
68,common
92,common
35,common
158,common
255,common
123,rare
166,uncommon
154,uncommon
201,uncommon
135,common
88,common
142,common
143,common
164,common
147,common
151,common
67,common
95,common
72,common
243,common
71,rare
162,uncommon
223,uncommon
156,uncommon
18,common
35,common
5,common
34,common
56,common
238,common
198,common
89,common
178,common
15,common
255,common
4,rare
83,uncommon
167,uncommon
12,uncommon
149,common
101,common
111,common
52,common
21,common
139,common
104,common
196,common
240,common
105,common
243,common
183,rare
154,uncommon
177,uncommon
13,uncommon
135,common
111,common
29,common
140,common
23,common
219,common
92,common
80,common
200,common
96,common
248,common
141,rare
74,uncommon
93,uncommon
9,uncommon
94,common
104,common
146,common
100,common
88,common
197,common
20,common
158,common
42,common
200,common
243,common
153,mythic
26,uncommon
239,uncommon
163,uncommon
65,common
14,common
119,common
174,common
3,common
134,common
110,common
196,common
31,common
50,common
245,common
212,rare
161,uncommon
79,uncommon
235,uncommon
178,common
94,common
119,common
219,common
42,common
95,common
76,common
143,common
217,common
193,common
248,common
124,rare
81,uncommon
117,uncommon
128,uncommon
60,common
129,common
134,common
112,common
72,common
193,common
217,common
25,common
216,common
120,common
255,common
250,rare
156,uncommon
87,uncommon
228,uncommon
174,common
57,common
78,common
210,common
164,common
237,common
140,common
118,common
29,common
196,common
251,common
171,rare
239,uncommon
137,uncommon
131,uncommon
62,common
65,common
149,common
15,common
216,common
78,common
36,common
14,common
196,common
70,common
248,common
8,rare
108,uncommon
48,uncommon
107,uncommon
23,common
43,common
80,common
64,common
197,common
22,common
142,common
21,common
42,common
27,common
243,common
44,rare
173,uncommon
7,uncommon
79,uncommon
18,common
112,common
240,common
46,common
198,common
164,common
169,common
178,common
247,common
200,common
245,common
225,rare
190,uncommon
16,uncommon
33,uncommon
198,common
17,common
89,common
86,common
151,common
176,common
34,common
25,common
76,common
46,common
248,common
38,mythic
6,uncommon
209,uncommon
242,uncommon
127,common
114,common
104,common
86,common
193,common
25,common
134,common
150,common
105,common
35,common
251,common
75,rare
214,uncommon
106,uncommon
241,uncommon
210,common
146,common
31,common
37,common
28,common
114,common
85,common
112,common
20,common
80,common
245,common
84,rare
177,uncommon
83,uncommon
55,uncommon
129,common
151,common
61,common
5,common
100,common
95,common
216,common
140,common
42,common
28,common
243,common
19,rare
53,uncommon
202,uncommon
40,uncommon
76,common
94,common
146,common
65,common
68,common
169,common
140,common
88,common
27,common
50,common
255,common
204,rare
201,uncommon
16,uncommon
26,uncommon
172,common
72,common
147,common
198,common
111,common
36,common
1,common
197,common
149,common
220,common
248,common
47,rare
186,uncommon
131,uncommon
187,uncommon
78,common
60,common
110,common
58,common
86,common
134,common
104,common
112,common
101,common
5,common
243,common
257,rare
235,uncommon
187,uncommon
12,uncommon
67,common
144,common
65,common
142,common
176,common
95,common
139,common
56,common
220,common
210,common
251,common
168,rare
40,uncommon
154,uncommon
226,uncommon
72,common
61,common
56,common
1,common
28,common
114,common
158,common
18,common
112,common
135,common
248,common
224,rare
155,uncommon
177,uncommon
230,uncommon
52,common
198,common
23,common
22,common
18,common
126,common
176,common
127,common
36,common
101,common
251,common
159,mythic
175,uncommon
201,uncommon
227,uncommon
78,common
216,common
176,common
112,common
231,common
217,common
140,common
14,common
198,common
247,common
243,common
138,mythic
83,uncommon
26,uncommon
131,uncommon
178,common
144,common
210,common
3,common
174,common
28,common
197,common
78,common
164,common
85,common
245,common
171,rare
73,uncommon
239,uncommon
102,uncommon
52,common
86,common
127,common
94,common
105,common
198,common
43,common
34,common
88,common
89,common
248,common
51,rare
83,uncommon
41,uncommon
167,uncommon
216,common
220,common
129,common
94,common
100,common
17,common
140,common
1,common
60,common
219,common
251,common
2,rare
13,uncommon
74,uncommon
121,uncommon
68,common
196,common
172,common
5,common
151,common
101,common
50,common
126,common
80,common
218,common
243,common
77,rare
33,uncommon
9,uncommon
162,uncommon
139,common
104,common
238,common
140,common
59,common
129,common
34,common
35,common
3,common
14,common
255,common
157,rare
32,uncommon
182,uncommon
226,uncommon
21,common
22,common
52,common
62,common
43,common
17,common
197,common
135,common
58,common
118,common
248,common
222,rare
167,uncommon
241,uncommon
163,uncommon
143,common
25,common
149,common
37,common
164,common
139,common
144,common
114,common
36,common
86,common
248,common
258,rare
162,uncommon
48,uncommon
185,uncommon
17,common
89,common
15,common
111,common
127,common
151,common
67,common
231,common
56,common
169,common
245,common
229,rare
117,uncommon
33,uncommon
128,uncommon
100,common
5,common
193,common
200,common
23,common
133,common
29,common
158,common
25,common
172,common
251,common
123,rare
83,uncommon
130,uncommon
11,uncommon
105,common
210,common
21,common
240,common
247,common
15,common
143,common
169,common
218,common
42,common
255,common
38,mythic
53,uncommon
228,uncommon
40,uncommon
135,common
118,common
88,common
199,common
42,common
147,common
20,common
64,common
1,common
31,common
243,common
212,rare
182,uncommon
24,uncommon
214,uncommon
146,common
143,common
65,common
133,common
174,common
140,common
234,common
46,common
15,common
68,common
248,common
113,rare
215,uncommon
202,uncommon
145,uncommon
85,common
218,common
146,common
119,common
240,common
150,common
89,common
20,common
147,common
111,common
251,common
30,rare
7,uncommon
175,uncommon
166,uncommon
92,common
20,common
96,common
37,common
67,common
21,common
147,common
62,common
193,common
118,common
245,common
232,rare
6,uncommon
130,uncommon
194,uncommon
46,common
143,common
59,common
1,common
88,common
134,common
178,common
119,common
114,common
22,common
251,common
180,rare
214,uncommon
122,uncommon
209,uncommon
237,common
65,common
120,common
150,common
216,common
111,common
57,common
210,common
144,common
25,common
251,common
4,rare
181,uncommon
66,uncommon
236,uncommon
50,common
197,common
20,common
23,common
146,common
164,common
196,common
35,common
217,common
176,common
255,common
19,rare
167,uncommon
54,uncommon
125,uncommon
126,common
57,common
70,common
193,common
27,common
58,common
146,common
199,common
50,common
110,common
248,common
184,mythic
241,uncommon
108,uncommon
13,uncommon
114,common
231,common
64,common
3,common
237,common
200,common
126,common
70,common
34,common
247,common
255,common
51,rare
107,uncommon
103,uncommon
26,uncommon
143,common
68,common
176,common
140,common
112,common
120,common
198,common
17,common
164,common
20,common
251,common
204,rare
156,uncommon
228,uncommon
117,uncommon
14,common
65,common
140,common
142,common
220,common
126,common
197,common
112,common
193,common
129,common
243,common
203,rare
106,uncommon
187,uncommon
97,uncommon
134,common
56,common
68,common
52,common
15,common
105,common
21,common
127,common
169,common
126,common
243,common
113,rare
41,uncommon
102,uncommon
83,uncommon
15,common
3,common
216,common
37,common
95,common
140,common
57,common
25,common
217,common
174,common
248,common
152,rare
177,uncommon
230,uncommon
108,uncommon
23,common
144,common
178,common
76,common
62,common
150,common
61,common
111,common
15,common
21,common
245,common
225,rare
12,uncommon
175,uncommon
125,uncommon
150,common
174,common
62,common
119,common
210,common
20,common
118,common
15,common
112,common
60,common
251,common
160,rare
66,uncommon
6,uncommon
136,uncommon
78,common
1,common
52,common
127,common
5,common
64,common
158,common
43,common
59,common
110,common
243,common
168,rare
121,uncommon
227,uncommon
163,uncommon
174,common
36,common
57,common
76,common
1,common
217,common
88,common
35,common
110,common
46,common
255,common
10,mythic
116,uncommon
167,uncommon
175,uncommon
25,common
118,common
144,common
64,common
95,common
80,common
50,common
176,common
1,common
217,common
243,common
141,rare
162,uncommon
79,uncommon
11,uncommon
238,common
58,common
35,common
135,common
46,common
196,common
92,common
114,common
14,common
240,common
243,common
99,rare
33,uncommon
131,uncommon
122,uncommon
111,common
17,common
37,common
27,common
42,common
60,common
58,common
5,common
20,common
196,common
255,common
180,rare
45,uncommon
87,uncommon
185,uncommon
20,common
78,common
237,common
17,common
126,common
140,common
43,common
42,common
133,common
72,common
248,common
258,rare
81,uncommon
128,uncommon
242,uncommon
100,common
237,common
59,common
114,common
147,common
158,common
23,common
85,common
120,common
88,common
251,common
44,rare
53,uncommon
228,uncommon
154,uncommon
28,common
151,common
101,common
61,common
34,common
89,common
111,common
176,common
218,common
234,common
248,common
224,rare
227,uncommon
90,uncommon
13,uncommon
60,common
96,common
200,common
119,common
247,common
27,common
67,common
88,common
25,common
129,common
251,common
221,rare
128,uncommon
108,uncommon
33,uncommon
169,common
217,common
31,common
210,common
200,common
237,common
86,common
247,common
21,common
111,common
255,common
232,rare
55,uncommon
73,uncommon
181,uncommon
3,common
240,common
100,common
70,common
126,common
193,common
133,common
88,common
119,common
196,common
245,common
123,rare
187,uncommon
24,uncommon
137,uncommon
133,common
50,common
169,common
135,common
172,common
114,common
199,common
158,common
134,common
210,common
248,common
98,rare
83,uncommon
74,uncommon
128,uncommon
197,common
139,common
178,common
216,common
101,common
42,common
218,common
149,common
50,common
86,common
243,common
75,rare
24,uncommon
73,uncommon
194,uncommon
234,common
18,common
29,common
218,common
178,common
59,common
46,common
199,common
151,common
139,common
243,common
132,rare
145,uncommon
187,uncommon
54,uncommon
114,common
96,common
238,common
85,common
29,common
23,common
94,common
25,common
164,common
28,common
251,common
229,rare
48,uncommon
236,uncommon
102,uncommon
36,common
61,common
50,common
219,common
151,common
72,common
68,common
238,common
105,common
56,common
245,common
19,rare
122,uncommon
125,uncommon
7,uncommon
101,common
143,common
14,common
210,common
68,common
112,common
196,common
134,common
135,common
89,common
245,common
250,rare
90,uncommon
181,uncommon
190,uncommon
56,common
43,common
238,common
22,common
18,common
95,common
198,common
57,common
78,common
36,common
243,common
75,rare
74,uncommon
48,uncommon
103,uncommon
196,common
234,common
21,common
70,common
56,common
176,common
118,common
15,common
247,common
20,common
243,common
171,rare
156,uncommon
81,uncommon
7,uncommon
31,common
112,common
105,common
134,common
218,common
133,common
129,common
21,common
197,common
114,common
245,common
132,rare
230,uncommon
32,uncommon
54,uncommon
238,common
144,common
20,common
42,common
25,common
127,common
80,common
218,common
149,common
65,common
243,common
91,mythic
145,uncommon
33,uncommon
194,uncommon
139,common
46,common
111,common
149,common
34,common
96,common
5,common
59,common
210,common
25,common
248,common
98,rare
155,uncommon
41,uncommon
102,uncommon
172,common
104,common
111,common
142,common
164,common
231,common
120,common
174,common
219,common
119,common
255,common
259,rare
209,uncommon
167,uncommon
103,uncommon
139,common
52,common
61,common
25,common
220,common
43,common
5,common
119,common
35,common
134,common
243,common
2,rare
130,uncommon
13,uncommon
83,uncommon
57,common
164,common
198,common
72,common
96,common
80,common
1,common
94,common
112,common
89,common
245,common
39,rare
40,uncommon
12,uncommon
194,uncommon
94,common
60,common
142,common
27,common
200,common
120,common
59,common
31,common
129,common
85,common
243,common
224,rare
206,uncommon
214,uncommon
16,uncommon
112,common
151,common
96,common
58,common
149,common
111,common
199,common
193,common
126,common
42,common
243,common
207,mythic
137,uncommon
131,uncommon
166,uncommon
105,common
240,common
78,common
50,common
20,common
94,common
3,common
34,common
37,common
70,common
248,common
233,rare
102,uncommon
161,uncommon
185,uncommon
219,common
15,common
67,common
89,common
17,common
237,common
68,common
18,common
62,common
174,common
248,common
30,rare
90,uncommon
182,uncommon
201,uncommon
23,common
240,common
238,common
76,common
247,common
147,common
60,common
100,common
200,common
105,common
251,common
192,rare
145,uncommon
167,uncommon
53,uncommon
85,common
100,common
217,common
135,common
27,common
234,common
247,common
96,common
193,common
172,common
243,common
170,rare
228,uncommon
73,uncommon
6,uncommon
35,common
92,common
135,common
50,common
78,common
126,common
140,common
119,common
65,common
146,common
243,common
113,rare
228,uncommon
74,uncommon
117,uncommon
89,common
247,common
101,common
50,common
1,common
133,common
34,common
29,common
231,common
114,common
245,common
225,rare
107,uncommon
48,uncommon
12,uncommon
200,common
31,common
237,common
36,common
57,common
101,common
23,common
199,common
127,common
70,common
251,common
183,rare
235,uncommon
206,uncommon
181,uncommon
238,common
70,common
178,common
92,common
193,common
68,common
50,common
86,common
169,common
76,common
255,common
157,rare
162,uncommon
181,uncommon
136,uncommon
111,common
65,common
120,common
42,common
127,common
72,common
143,common
129,common
59,common
17,common
255,common
254,rare
45,uncommon
128,uncommon
82,uncommon
100,common
85,common
234,common
158,common
151,common
220,common
210,common
120,common
147,common
86,common
248,common
138,mythic
162,uncommon
40,uncommon
81,uncommon
149,common
58,common
216,common
133,common
43,common
147,common
61,common
240,common
126,common
143,common
245,common
204,rare
12,uncommon
190,uncommon
162,uncommon
92,common
142,common
216,common
133,common
126,common
14,common
143,common
68,common
43,common
3,common
248,common
44,rare
154,uncommon
11,uncommon
163,uncommon
238,common
36,common
199,common
114,common
169,common
196,common
34,common
14,common
144,common
217,common
255,common
221,rare
154,uncommon
242,uncommon
128,uncommon
17,common
100,common
140,common
172,common
119,common
62,common
164,common
15,common
76,common
219,common
245,common
19,rare
223,uncommon
7,uncommon
214,uncommon
129,common
1,common
76,common
220,common
37,common
174,common
151,common
216,common
61,common
110,common
251,common
51,rare
241,uncommon
26,uncommon
125,uncommon
139,common
21,common
176,common
216,common
80,common
42,common
147,common
94,common
46,common
172,common
245,common
183,rare
228,uncommon
12,uncommon
122,uncommon
151,common
65,common
199,common
147,common
126,common
86,common
112,common
1,common
20,common
119,common
243,common
205,rare
83,uncommon
121,uncommon
186,uncommon
158,common
135,common
89,common
76,common
149,common
104,common
140,common
52,common
27,common
43,common
255,common
98,rare
166,uncommon
226,uncommon
235,uncommon
1,common
197,common
5,common
114,common
88,common
169,common
172,common
220,common
104,common
127,common
245,common
148,rare
214,uncommon
130,uncommon
136,uncommon
72,common
58,common
28,common
158,common
139,common
198,common
92,common
210,common
197,common
3,common
248,common
63,rare
239,uncommon
16,uncommon
81,uncommon
101,common
21,common
22,common
60,common
104,common
196,common
14,common
143,common
72,common
29,common
255,common
77,rare
223,uncommon
185,uncommon
202,uncommon
100,common
198,common
127,common
88,common
169,common
126,common
105,common
68,common
120,common
140,common
248,common
30,rare
81,uncommon
242,uncommon
209,uncommon
118,common
111,common
150,common
46,common
67,common
89,common
176,common
135,common
199,common
28,common
245,common
207,mythic
82,uncommon
108,uncommon
173,uncommon
15,common
119,common
176,common
216,common
27,common
34,common
139,common
31,common
193,common
220,common
251,common
84,rare
155,uncommon
156,uncommon
24,uncommon
133,common
25,common
169,common
178,common
42,common
129,common
237,common
94,common
86,common
105,common
251,common
225,rare
128,uncommon
162,uncommon
173,uncommon
126,common
176,common
149,common
114,common
112,common
218,common
164,common
36,common
144,common
59,common
248,common
38,mythic
55,uncommon
16,uncommon
173,uncommon
95,common
59,common
58,common
151,common
61,common
197,common
18,common
43,common
196,common
216,common
248,common
99,rare
48,uncommon
122,uncommon
93,uncommon
96,common
52,common
29,common
28,common
76,common
67,common
231,common
110,common
129,common
120,common
255,common
170,rare
167,uncommon
66,uncommon
214,uncommon
50,common
142,common
220,common
134,common
61,common
105,common
1,common
126,common
35,common
149,common
243,common
8,rare
202,uncommon
155,uncommon
41,uncommon
80,common
172,common
101,common
5,common
219,common
94,common
238,common
20,common
100,common
78,common
243,common
212,rare
175,uncommon
79,uncommon
227,uncommon
210,common
144,common
15,common
57,common
95,common
70,common
62,common
240,common
23,common
59,common
248,common
224,rare
48,uncommon
181,uncommon
54,uncommon
237,common
149,common
20,common
50,common
150,common
62,common
218,common
146,common
59,common
105,common
251,common
179,rare
7,uncommon
32,uncommon
108,uncommon
85,common
52,common
65,common
247,common
68,common
144,common
17,common
119,common
135,common
197,common
243,common
221,rare
235,uncommon
128,uncommon
201,uncommon
5,common
46,common
25,common
217,common
70,common
17,common
133,common
158,common
174,common
3,common
248,common
257,rare
228,uncommon
33,uncommon
125,uncommon
104,common
135,common
35,common
94,common
37,common
151,common
22,common
78,common
85,common
18,common
255,common
229,rare
177,uncommon
145,uncommon
40,uncommon
111,common
112,common
42,common
142,common
120,common
101,common
134,common
217,common
76,common
127,common
255,common
132,rare
194,uncommon
131,uncommon
13,uncommon
23,common
218,common
119,common
56,common
127,common
101,common
14,common
172,common
50,common
217,common
245,common
232,rare
54,uncommon
162,uncommon
26,uncommon
36,common
25,common
178,common
92,common
143,common
56,common
85,common
89,common
200,common
144,common
245,common
192,rare
55,uncommon
186,uncommon
202,uncommon
23,common
64,common
15,common
20,common
3,common
28,common
57,common
56,common
61,common
60,common
251,common
254,rare
12,uncommon
235,uncommon
74,uncommon
42,common
15,common
59,common
67,common
149,common
237,common
114,common
27,common
18,common
70,common
255,common
157,rare
201,uncommon
154,uncommon
215,uncommon
43,common
61,common
140,common
111,common
86,common
164,common
29,common
176,common
70,common
67,common
248,common
69,mythic
226,uncommon
227,uncommon
66,uncommon
247,common
220,common
50,common
37,common
67,common
68,common
118,common
25,common
92,common
95,common
248,common
170,rare
32,uncommon
166,uncommon
187,uncommon
142,common
80,common
234,common
174,common
3,common
18,common
238,common
14,common
126,common
59,common
255,common
148,rare
54,uncommon
145,uncommon
186,uncommon
89,common
200,common
25,common
96,common
46,common
151,common
14,common
95,common
198,common
199,common
243,common
179,rare
122,uncommon
242,uncommon
45,uncommon
114,common
76,common
105,common
56,common
151,common
15,common
219,common
17,common
65,common
139,common
245,common
84,rare
235,uncommon
242,uncommon
130,uncommon
158,common
247,common
210,common
193,common
17,common
76,common
164,common
58,common
111,common
34,common
255,common
195,mythic
128,uncommon
122,uncommon
102,uncommon
112,common
126,common
58,common
70,common
240,common
196,common
65,common
60,common
78,common
216,common
243,common
98,rare
16,uncommon
131,uncommon
55,uncommon
1,common
133,common
147,common
46,common
118,common
59,common
85,common
199,common
231,common
37,common
245,common
44,rare
202,uncommon
230,uncommon
181,uncommon
231,common
119,common
139,common
158,common
234,common
237,common
57,common
127,common
96,common
36,common
255,common
165,rare
214,uncommon
155,uncommon
26,uncommon
80,common
237,common
234,common
135,common
29,common
36,common
218,common
104,common
238,common
247,common
245,common
259,rare
87,uncommon
175,uncommon
108,uncommon
88,common
198,common
62,common
35,common
89,common
247,common
114,common
25,common
80,common
193,common
248,common
233,rare
7,uncommon
226,uncommon
87,uncommon
199,common
80,common
92,common
126,common
134,common
56,common
231,common
22,common
149,common
217,common
243,common
192,rare
13,uncommon
136,uncommon
66,uncommon
150,common
34,common
151,common
134,common
18,common
58,common
193,common
158,common
105,common
3,common
255,common
258,rare
13,uncommon
191,uncommon
121,uncommon
31,common
76,common
135,common
52,common
104,common
23,common
144,common
140,common
174,common
17,common
248,common
211,mythic
223,uncommon
79,uncommon
162,uncommon
68,common
42,common
72,common
172,common
59,common
46,common
78,common
197,common
151,common
240,common
243,common
232,rare
81,uncommon
122,uncommon
53,uncommon
169,common
61,common
111,common
89,common
200,common
178,common
216,common
62,common
17,common
27,common
245,common
221,rare
125,uncommon
130,uncommon
181,uncommon
238,common
61,common
88,common
127,common
15,common
29,common
94,common
219,common
143,common
65,common
251,common
63,rare
97,uncommon
11,uncommon
190,uncommon
176,common
1,common
42,common
57,common
5,common
144,common
78,common
37,common
169,common
234,common
245,common
71,rare
163,uncommon
73,uncommon
130,uncommon
220,common
22,common
129,common
21,common
52,common
127,common
237,common
20,common
104,common
85,common
243,common
123,rare
73,uncommon
106,uncommon
26,uncommon
196,common
21,common
134,common
43,common
94,common
129,common
240,common
72,common
139,common
62,common
251,common
229,rare
163,uncommon
226,uncommon
223,uncommon
134,common
92,common
149,common
174,common
238,common
200,common
36,common
95,common
150,common
34,common
251,common
257,rare
175,uncommon
131,uncommon
194,uncommon
88,common
21,common
135,common
1,common
110,common
76,common
52,common
120,common
23,common
178,common
255,common
203,rare
125,uncommon
156,uncommon
33,uncommon
110,common
147,common
20,common
120,common
231,common
68,common
119,common
210,common
240,common
3,common
255,common
2,rare
107,uncommon
209,uncommon
90,uncommon
76,common
104,common
78,common
216,common
111,common
1,common
64,common
158,common
178,common
198,common
245,common
229,rare
167,uncommon
97,uncommon
191,uncommon
149,common
101,common
58,common
133,common
36,common
27,common
169,common
120,common
86,common
151,common
248,common
39,rare
137,uncommon
40,uncommon
161,uncommon
65,common
86,common
50,common
101,common
143,common
112,common
139,common
135,common
142,common
164,common
243,common
232,rare
24,uncommon
162,uncommon
7,uncommon
88,common
5,common
37,common
218,common
120,common
35,common
142,common
140,common
234,common
36,common
251,common
183,rare
117,uncommon
82,uncommon
81,uncommon
5,common
196,common
18,common
3,common
217,common
210,common
21,common
216,common
140,common
147,common
251,common
212,rare
125,uncommon
182,uncommon
190,uncommon
56,common
100,common
114,common
72,common
23,common
42,common
34,common
46,common
210,common
216,common
251,common
157,rare
125,uncommon
45,uncommon
215,uncommon
237,common
200,common
61,common
80,common
164,common
158,common
217,common
20,common
46,common
193,common
255,common
222,rare
228,uncommon
190,uncommon
239,uncommon
28,common
89,common
174,common
149,common
43,common
150,common
100,common
143,common
60,common
31,common
243,common
179,rare
81,uncommon
236,uncommon
223,uncommon
172,common
14,common
193,common
89,common
105,common
78,common
146,common
88,common
28,common
101,common
243,common
115,rare
177,uncommon
131,uncommon
155,uncommon
127,common
23,common
197,common
114,common
220,common
37,common
143,common
150,common
89,common
240,common
255,common
44,rare
215,uncommon
9,uncommon
103,uncommon
95,common
143,common
111,common
169,common
151,common
129,common
62,common
197,common
94,common
144,common
245,common
192,rare
83,uncommon
108,uncommon
241,uncommon
57,common
151,common
85,common
61,common
158,common
21,common
23,common
65,common
76,common
22,common
248,common
113,rare
26,uncommon
87,uncommon
156,uncommon
147,common
142,common
140,common
5,common
135,common
169,common
61,common
219,common
105,common
111,common
255,common
233,rare
73,uncommon
166,uncommon
102,uncommon
36,common
101,common
119,common
80,common
200,common
25,common
149,common
240,common
1,common
110,common
245,common
124,rare
239,uncommon
206,uncommon
48,uncommon
27,common
231,common
43,common
65,common
126,common
31,common
59,common
120,common
46,common
178,common
251,common
225,rare
236,uncommon
121,uncommon
97,uncommon
76,common
150,common
42,common
169,common
56,common
64,common
43,common
220,common
133,common
172,common
243,common
99,rare
175,uncommon
145,uncommon
167,uncommon
114,common
105,common
144,common
126,common
247,common
198,common
56,common
140,common
92,common
176,common
248,common
47,rare
97,uncommon
156,uncommon
194,uncommon
94,common
67,common
50,common
58,common
150,common
133,common
85,common
129,common
20,common
60,common
255,common
257,rare
11,uncommon
108,uncommon
90,uncommon
237,common
199,common
62,common
158,common
42,common
72,common
210,common
119,common
20,common
3,common
251,common
195,mythic
13,uncommon
136,uncommon
228,uncommon
96,common
127,common
196,common
70,common
238,common
217,common
164,common
234,common
94,common
57,common
248,common
69,mythic
173,uncommon
53,uncommon
24,uncommon
31,common
118,common
72,common
21,common
60,common
67,common
5,common
58,common
85,common
43,common
248,common
258,rare
177,uncommon
162,uncommon
122,uncommon
144,common
18,common
135,common
95,common
104,common
27,common
146,common
72,common
64,common
37,common
243,common
98,rare
214,uncommon
161,uncommon
226,uncommon
196,common
28,common
193,common
96,common
95,common
14,common
220,common
52,common
76,common
25,common
251,common
30,rare
87,uncommon
122,uncommon
93,uncommon
70,common
100,common
29,common
22,common
127,common
119,common
200,common
92,common
104,common
31,common
251,common
51,rare
136,uncommon
106,uncommon
166,uncommon
85,common
174,common
197,common
37,common
23,common
22,common
78,common
105,common
129,common
80,common
248,common
171,rare
121,uncommon
13,uncommon
227,uncommon
217,common
89,common
68,common
140,common
151,common
18,common
146,common
28,common
80,common
104,common
243,common
254,rare
125,uncommon
182,uncommon
242,uncommon
23,common
34,common
105,common
219,common
133,common
240,common
95,common
35,common
158,common
237,common
255,common
250,rare
108,uncommon
186,uncommon
107,uncommon
104,common
100,common
169,common
193,common
65,common
127,common
23,common
210,common
240,common
78,common
248,common
165,rare
54,uncommon
162,uncommon
185,uncommon
220,common
178,common
169,common
46,common
118,common
62,common
58,common
5,common
34,common
140,common
243,common
99,rare
108,uncommon
90,uncommon
130,uncommon
85,common
43,common
219,common
199,common
15,common
119,common
169,common
18,common
59,common
21,common
243,common
208,mythic
40,uncommon
242,uncommon
87,uncommon
62,common
67,common
56,common
231,common
14,common
238,common
200,common
85,common
120,common
20,common
255,common
49,rare
66,uncommon
201,uncommon
79,uncommon
220,common
218,common
142,common
147,common
56,common
144,common
67,common
100,common
62,common
15,common
243,common
221,rare
125,uncommon
16,uncommon
167,uncommon
217,common
140,common
176,common
196,common
94,common
193,common
110,common
135,common
142,common
22,common
243,common
75,rare
241,uncommon
33,uncommon
130,uncommon
36,common
193,common
164,common
50,common
3,common
120,common
37,common
29,common
178,common
21,common
245,common
253,rare
66,uncommon
131,uncommon
41,uncommon
60,common
36,common
50,common
126,common
20,common
176,common
14,common
210,common
67,common
158,common
248,common
63,rare
239,uncommon
82,uncommon
11,uncommon
218,common
200,common
111,common
52,common
196,common
78,common
118,common
127,common
140,common
172,common
245,common
148,rare
48,uncommon
214,uncommon
241,uncommon
25,common
35,common
36,common
57,common
196,common
27,common
114,common
21,common
144,common
86,common
251,common
30,rare
154,uncommon
90,uncommon
228,uncommon
234,common
65,common
27,common
72,common
62,common
57,common
146,common
129,common
14,common
95,common
243,common
113,rare
145,uncommon
194,uncommon
227,uncommon
72,common
15,common
119,common
68,common
127,common
105,common
25,common
172,common
112,common
196,common
251,common
160,rare
93,uncommon
182,uncommon
6,uncommon
70,common
217,common
218,common
139,common
92,common
197,common
164,common
64,common
42,common
219,common
245,common
141,rare
226,uncommon
74,uncommon
53,uncommon
119,common
147,common
110,common
238,common
64,common
143,common
59,common
56,common
52,common
144,common
243,common
179,rare
163,uncommon
206,uncommon
40,uncommon
151,common
142,common
31,common
50,common
198,common
94,common
197,common
92,common
111,common
65,common
245,common
123,rare
83,uncommon
131,uncommon
137,uncommon
5,common
101,common
25,common
61,common
164,common
104,common
43,common
133,common
247,common
64,common
248,common
258,rare
190,uncommon
161,uncommon
166,uncommon
178,common
199,common
35,common
174,common
169,common
238,common
86,common
27,common
150,common
61,common
245,common
138,mythic
223,uncommon
103,uncommon
122,uncommon
100,common
15,common
67,common
3,common
29,common
88,common
110,common
58,common
52,common
86,common
248,common
2,rare
102,uncommon
55,uncommon
32,uncommon
120,common
234,common
58,common
118,common
134,common
112,common
57,common
92,common
95,common
17,common
255,common
39,rare
185,uncommon
190,uncommon
73,uncommon
5,common
129,common
126,common
96,common
147,common
1,common
172,common
89,common
17,common
135,common
255,common
115,rare
26,uncommon
156,uncommon
166,uncommon
28,common
76,common
22,common
1,common
34,common
200,common
36,common
238,common
220,common
100,common
255,common
63,rare
90,uncommon
166,uncommon
128,uncommon
169,common
164,common
34,common
50,common
146,common
120,common
65,common
144,common
35,common
5,common
248,common
250,rare
156,uncommon
163,uncommon
45,uncommon
135,common
158,common
80,common
78,common
193,common
76,common
42,common
219,common
174,common
59,common
245,common
157,rare
54,uncommon
162,uncommon
74,uncommon
5,common
31,common
114,common
151,common
96,common
197,common
1,common
70,common
127,common
120,common
243,common
99,rare
9,uncommon
155,uncommon
73,uncommon
65,common
199,common
64,common
29,common
158,common
144,common
72,common
172,common
18,common
62,common
243,common
47,rare
26,uncommon
74,uncommon
13,uncommon
92,common
119,common
158,common
17,common
196,common
36,common
94,common
96,common
140,common
76,common
248,common
159,mythic
137,uncommon
242,uncommon
121,uncommon
21,common
15,common
164,common
199,common
139,common
43,common
118,common
198,common
174,common
127,common
255,common
8,rare
93,uncommon
154,uncommon
191,uncommon
18,common
144,common
129,common
35,common
36,common
200,common
101,common
247,common
28,common
104,common
251,common
205,rare
11,uncommon
40,uncommon
156,uncommon
56,common
23,common
210,common
114,common
218,common
86,common
64,common
147,common
29,common
237,common
255,common
233,rare
103,uncommon
9,uncommon
106,uncommon
28,common
149,common
14,common
174,common
217,common
210,common
65,common
198,common
59,common
237,common
248,common
232,rare
214,uncommon
117,uncommon
161,uncommon
72,common
50,common
238,common
14,common
151,common
3,common
60,common
126,common
70,common
1,common
245,common
203,rare
206,uncommon
45,uncommon
122,uncommon
100,common
92,common
178,common
37,common
146,common
217,common
86,common
94,common
111,common
110,common
245,common
148,rare
163,uncommon
226,uncommon
154,uncommon
146,common
218,common
126,common
133,common
169,common
23,common
52,common
210,common
139,common
35,common
243,common
257,rare
206,uncommon
79,uncommon
82,uncommon
34,common
112,common
199,common
18,common
29,common
149,common
43,common
144,common
17,common
89,common
245,common
168,rare
108,uncommon
185,uncommon
209,uncommon
197,common
95,common
217,common
92,common
68,common
14,common
143,common
220,common
146,common
89,common
243,common
123,rare
40,uncommon
236,uncommon
185,uncommon
200,common
31,common
18,common
88,common
193,common
67,common
14,common
58,common
196,common
240,common
243,common
207,mythic
186,uncommon
82,uncommon
209,uncommon
96,common
68,common
70,common
129,common
111,common
36,common
118,common
231,common
88,common
25,common
251,common
84,rare
131,uncommon
194,uncommon
41,uncommon
143,common
89,common
22,common
105,common
43,common
104,common
158,common
100,common
1,common
164,common
251,common
254,rare
230,uncommon
167,uncommon
186,uncommon
105,common
21,common
3,common
56,common
64,common
61,common
129,common
238,common
197,common
247,common
245,common
75,rare
194,uncommon
24,uncommon
239,uncommon
62,common
142,common
176,common
94,common
15,common
127,common
198,common
110,common
76,common
120,common
245,common
77,rare
117,uncommon
131,uncommon
6,uncommon
114,common
60,common
100,common
62,common
178,common
37,common
80,common
95,common
135,common
218,common
248,common
30,rare
235,uncommon
97,uncommon
155,uncommon
80,common
147,common
27,common
100,common
216,common
22,common
85,common
52,common
59,common
172,common
251,common
115,rare
73,uncommon
116,uncommon
7,uncommon
172,common
176,common
64,common
164,common
196,common
135,common
27,common
220,common
101,common
60,common
255,common
124,rare
167,uncommon
122,uncommon
90,uncommon
119,common
86,common
42,common
199,common
238,common
114,common
5,common
142,common
22,common
140,common
243,common
224,rare
32,uncommon
55,uncommon
11,uncommon
112,common
67,common
139,common
196,common
46,common
234,common
140,common
59,common
110,common
57,common
245,common
49,rare
161,uncommon
162,uncommon
236,uncommon
80,common
158,common
3,common
111,common
140,common
72,common
62,common
247,common
193,common
20,common
251,common
180,rare
163,uncommon
128,uncommon
215,uncommon
18,common
238,common
193,common
218,common
88,common
3,common
196,common
146,common
50,common
142,common
243,common
75,rare
190,uncommon
156,uncommon
106,uncommon
142,common
111,common
219,common
105,common
217,common
36,common
28,common
25,common
150,common
147,common
255,common
109,rare
26,uncommon
82,uncommon
11,uncommon
172,common
200,common
139,common
80,common
219,common
120,common
96,common
67,common
22,common
85,common
245,common
212,rare
239,uncommon
45,uncommon
54,uncommon
210,common
133,common
100,common
104,common
64,common
114,common
197,common
89,common
140,common
143,common
255,common
159,mythic
163,uncommon
90,uncommon
97,uncommon
200,common
27,common
18,common
59,common
104,common
34,common
25,common
89,common
86,common
78,common
245,common
91,mythic
167,uncommon
206,uncommon
83,uncommon
61,common
151,common
58,common
210,common
231,common
25,common
198,common
134,common
135,common
27,common
251,common
195,mythic
167,uncommon
145,uncommon
16,uncommon
240,common
64,common
247,common
72,common
158,common
220,common
70,common
199,common
140,common
5,common
248,common
10,mythic
201,uncommon
66,uncommon
16,uncommon
57,common
56,common
111,common
134,common
36,common
76,common
110,common
101,common
31,common
62,common
251,common
84,rare
66,uncommon
40,uncommon
206,uncommon
60,common
46,common
112,common
237,common
247,common
217,common
58,common
172,common
238,common
119,common
248,common
51,rare
7,uncommon
6,uncommon
97,uncommon
62,common
104,common
112,common
65,common
27,common
196,common
197,common
17,common
56,common
100,common
255,common
205,rare
102,uncommon
154,uncommon
130,uncommon
164,common
57,common
86,common
105,common
88,common
237,common
126,common
240,common
15,common
52,common
243,common
192,rare
194,uncommon
24,uncommon
242,uncommon
178,common
15,common
92,common
150,common
101,common
23,common
114,common
218,common
21,common
17,common
248,common
184,mythic
137,uncommon
186,uncommon
235,uncommon
216,common
118,common
31,common
42,common
198,common
126,common
174,common
144,common
95,common
14,common
248,common
2,rare
202,uncommon
6,uncommon
53,uncommon
34,common
118,common
134,common
67,common
50,common
196,common
65,common
144,common
76,common
198,common
243,common
208,mythic
41,uncommon
145,uncommon
223,uncommon
105,common
133,common
80,common
110,common
43,common
96,common
14,common
164,common
129,common
150,common
243,common
30,rare
79,uncommon
117,uncommon
93,uncommon
129,common
88,common
68,common
169,common
220,common
114,common
35,common
70,common
15,common
110,common
243,common
184,mythic
242,uncommon
107,uncommon
125,uncommon
27,common
15,common
65,common
238,common
120,common
28,common
135,common
95,common
57,common
68,common
245,common
141,rare
209,uncommon
41,uncommon
102,uncommon
133,common
151,common
240,common
57,common
35,common
216,common
14,common
37,common
231,common
217,common
243,common
179,rare
45,uncommon
187,uncommon
33,uncommon
100,common
14,common
59,common
46,common
234,common
143,common
219,common
80,common
58,common
101,common
255,common
113,rare
108,uncommon
156,uncommon
230,uncommon
96,common
119,common
144,common
36,common
147,common
3,common
21,common
199,common
17,common
238,common
255,common
203,rare
93,uncommon
121,uncommon
228,uncommon
135,common
231,common
133,common
5,common
197,common
21,common
127,common
50,common
147,common
43,common
248,common
71,rare
227,uncommon
122,uncommon
137,uncommon
111,common
23,common
34,common
169,common
234,common
60,common
25,common
140,common
197,common
35,common
248,common
257,rare
26,uncommon
156,uncommon
83,uncommon
52,common
234,common
72,common
146,common
42,common
85,common
178,common
76,common
149,common
29,common
243,common
39,rare
54,uncommon
202,uncommon
190,uncommon
176,common
142,common
46,common
62,common
151,common
76,common
37,common
68,common
58,common
28,common
243,common
165,rare
145,uncommon
201,uncommon
45,uncommon
64,common
1,common
134,common
25,common
218,common
95,common
101,common
60,common
176,common
146,common
248,common
44,rare
173,uncommon
226,uncommon
215,uncommon
158,common
14,common
36,common
89,common
200,common
174,common
169,common
52,common
238,common
247,common
248,common
258,rare
9,uncommon
156,uncommon
236,uncommon
118,common
42,common
174,common
50,common
70,common
198,common
149,common
89,common
234,common
94,common
243,common
222,rare
230,uncommon
125,uncommon
73,uncommon
56,common
151,common
238,common
147,common
100,common
29,common
70,common
105,common
101,common
199,common
243,common
225,rare
33,uncommon
16,uncommon
74,uncommon
96,common
70,common
149,common
22,common
23,common
105,common
35,common
28,common
85,common
120,common
251,common
98,rare
227,uncommon
242,uncommon
6,uncommon
65,common
114,common
135,common
237,common
147,common
95,common
36,common
119,common
134,common
78,common
251,common
152,rare
167,uncommon
226,uncommon
26,uncommon
231,common
220,common
27,common
25,common
72,common
172,common
146,common
5,common
217,common
197,common
251,common
192,rare
121,uncommon
102,uncommon
41,uncommon
172,common
240,common
112,common
29,common
20,common
65,common
143,common
25,common
111,common
193,common
255,common
204,rare
241,uncommon
122,uncommon
177,uncommon
85,common
135,common
119,common
14,common
144,common
174,common
5,common
67,common
210,common
100,common
248,common
171,rare
223,uncommon
16,uncommon
163,uncommon
126,common
105,common
85,common
140,common
68,common
29,common
56,common
21,common
59,common
139,common
251,common
51,rare
117,uncommon
162,uncommon
73,uncommon
134,common
104,common
46,common
247,common
34,common
135,common
76,common
200,common
37,common
18,common
251,common
8,rare
163,uncommon
182,uncommon
206,uncommon
118,common
104,common
28,common
34,common
114,common
234,common
95,common
176,common
72,common
120,common
245,common
141,rare
102,uncommon
206,uncommon
194,uncommon
139,common
150,common
158,common
22,common
143,common
92,common
67,common
238,common
62,common
28,common
243,common
113,rare
7,uncommon
154,uncommon
166,uncommon
80,common
142,common
119,common
94,common
31,common
61,common
27,common
143,common
62,common
220,common
243,common
91,mythic
167,uncommon
177,uncommon
206,uncommon
112,common
1,common
240,common
72,common
20,common
89,common
150,common
14,common
78,common
61,common
255,common
148,rare
214,uncommon
215,uncommon
108,uncommon
57,common
76,common
150,common
151,common
31,common
198,common
27,common
178,common
210,common
126,common
248,common
250,rare
97,uncommon
66,uncommon
83,uncommon
237,common
217,common
42,common
135,common
95,common
219,common
110,common
3,common
119,common
240,common
245,common
157,rare
12,uncommon
74,uncommon
166,uncommon
22,common
43,common
196,common
151,common
46,common
129,common
15,common
1,common
17,common
178,common
245,common
19,rare
12,uncommon
13,uncommon
90,uncommon
134,common
193,common
37,common
126,common
198,common
20,common
174,common
23,common
200,common
1,common
251,common
124,rare
130,uncommon
145,uncommon
32,uncommon
231,common
164,common
86,common
65,common
126,common
112,common
133,common
94,common
5,common
144,common
243,common
229,rare
154,uncommon
130,uncommon
173,uncommon
18,common
3,common
59,common
68,common
35,common
247,common
65,common
15,common
200,common
60,common
248,common
205,rare
235,uncommon
175,uncommon
6,uncommon
42,common
196,common
104,common
142,common
57,common
3,common
80,common
169,common
17,common
21,common
245,common
77,rare
74,uncommon
24,uncommon
97,uncommon
21,common
114,common
218,common
139,common
146,common
111,common
216,common
129,common
104,common
61,common
248,common
47,rare
235,uncommon
177,uncommon
121,uncommon
218,common
231,common
18,common
60,common
35,common
220,common
67,common
89,common
158,common
216,common
245,common
212,rare
136,uncommon
190,uncommon
154,uncommon
105,common
15,common
28,common
247,common
111,common
61,common
193,common
140,common
127,common
147,common
245,common
232,rare
130,uncommon
41,uncommon
156,uncommon
112,common
210,common
111,common
42,common
28,common
133,common
149,common
67,common
92,common
22,common
255,common
19,rare
194,uncommon
6,uncommon
74,uncommon
135,common
218,common
176,common
111,common
3,common
199,common
25,common
105,common
178,common
240,common
243,common
44,rare
226,uncommon
41,uncommon
214,uncommon
96,common
127,common
238,common
95,common
92,common
143,common
85,common
150,common
18,common
57,common
251,common
222,rare
73,uncommon
83,uncommon
166,uncommon
76,common
237,common
88,common
126,common
25,common
114,common
17,common
199,common
29,common
234,common
248,common
30,rare
66,uncommon
106,uncommon
121,uncommon
17,common
247,common
35,common
27,common
126,common
25,common
112,common
198,common
231,common
14,common
255,common
203,rare
190,uncommon
145,uncommon
102,uncommon
89,common
43,common
100,common
23,common
146,common
247,common
169,common
238,common
143,common
88,common
248,common
254,rare
7,uncommon
175,uncommon
116,uncommon
96,common
88,common
150,common
59,common
70,common
169,common
139,common
217,common
21,common
14,common
248,common
160,rare
11,uncommon
45,uncommon
173,uncommon
22,common
158,common
27,common
147,common
234,common
240,common
197,common
100,common
196,common
112,common
243,common
75,rare
24,uncommon
48,uncommon
154,uncommon
158,common
35,common
142,common
61,common
78,common
144,common
101,common
149,common
70,common
92,common
255,common
259,rare
214,uncommon
54,uncommon
11,uncommon
111,common
198,common
96,common
42,common
218,common
110,common
67,common
34,common
64,common
5,common
248,common
8,rare
236,uncommon
102,uncommon
32,uncommon
147,common
197,common
18,common
142,common
112,common
101,common
52,common
193,common
119,common
176,common
255,common
258,rare
53,uncommon
83,uncommon
187,uncommon
70,common
62,common
169,common
129,common
59,common
119,common
94,common
92,common
114,common
219,common
243,common
123,rare
145,uncommon
162,uncommon
13,uncommon
20,common
21,common
80,common
62,common
58,common
72,common
86,common
5,common
220,common
127,common
248,common
113,rare
167,uncommon
223,uncommon
82,uncommon
198,common
216,common
43,common
133,common
95,common
68,common
65,common
62,common
196,common
50,common
245,common
2,rare
190,uncommon
106,uncommon
24,uncommon
217,common
34,common
72,common
52,common
139,common
22,common
57,common
36,common
21,common
164,common
255,common
165,rare
194,uncommon
162,uncommon
191,uncommon
149,common
78,common
68,common
58,common
129,common
110,common
104,common
178,common
174,common
240,common
248,common
257,rare
206,uncommon
182,uncommon
12,uncommon
76,common
134,common
86,common
164,common
23,common
18,common
27,common
46,common
151,common
144,common
251,common
253,rare
185,uncommon
13,uncommon
81,uncommon
120,common
178,common
96,common
37,common
5,common
134,common
46,common
1,common
144,common
237,common
243,common
205,rare
125,uncommon
26,uncommon
177,uncommon
1,common
31,common
119,common
140,common
25,common
78,common
101,common
56,common
52,common
105,common
245,common
109,rare
90,uncommon
131,uncommon
16,uncommon
142,common
151,common
31,common
140,common
118,common
43,common
42,common
143,common
28,common
164,common
245,common
180,rare
201,uncommon
128,uncommon
209,uncommon
76,common
15,common
217,common
200,common
114,common
3,common
147,common
127,common
23,common
174,common
251,common
4,rare
175,uncommon
53,uncommon
242,uncommon
199,common
126,common
58,common
20,common
21,common
80,common
17,common
146,common
210,common
72,common
248,common
180,rare
16,uncommon
215,uncommon
97,uncommon
129,common
68,common
217,common
119,common
29,common
46,common
94,common
62,common
14,common
64,common
245,common
109,rare
239,uncommon
145,uncommon
154,uncommon
176,common
247,common
231,common
143,common
147,common
65,common
172,common
100,common
76,common
101,common
245,common
124,rare
235,uncommon
87,uncommon
181,uncommon
112,common
37,common
118,common
127,common
234,common
100,common
169,common
129,common
52,common
144,common
245,common
205,rare
66,uncommon
137,uncommon
122,uncommon
150,common
105,common
200,common
151,common
144,common
169,common
133,common
174,common
78,common
164,common
248,common
113,rare
209,uncommon
83,uncommon
13,uncommon
85,common
61,common
28,common
64,common
56,common
68,common
58,common
210,common
218,common
105,common
243,common
2,rare
194,uncommon
103,uncommon
167,uncommon
14,common
5,common
118,common
89,common
85,common
193,common
36,common
217,common
50,common
142,common
251,common
257,rare
166,uncommon
161,uncommon
73,uncommon
218,common
43,common
21,common
220,common
20,common
60,common
15,common
17,common
140,common
94,common
248,common
77,rare
161,uncommon
226,uncommon
186,uncommon
150,common
22,common
56,common
52,common
61,common
135,common
139,common
28,common
238,common
57,common
243,common
254,rare
73,uncommon
223,uncommon
53,uncommon
43,common
199,common
237,common
5,common
1,common
140,common
70,common
59,common
150,common
174,common
255,common
192,rare
130,uncommon
177,uncommon
107,uncommon
58,common
197,common
100,common
86,common
36,common
59,common
21,common
15,common
92,common
119,common
248,common
71,rare
136,uncommon
24,uncommon
130,uncommon
210,common
20,common
142,common
21,common
240,common
15,common
3,common
238,common
27,common
68,common
243,common
4,rare
106,uncommon
90,uncommon
74,uncommon
174,common
80,common
50,common
133,common
1,common
5,common
72,common
134,common
96,common
151,common
243,common
47,rare
102,uncommon
154,uncommon
7,uncommon
111,common
65,common
129,common
158,common
76,common
135,common
34,common
172,common
247,common
43,common
248,common
233,rare
102,uncommon
230,uncommon
215,uncommon
120,common
149,common
110,common
197,common
151,common
199,common
146,common
218,common
200,common
164,common
255,common
212,rare
241,uncommon
116,uncommon
41,uncommon
78,common
28,common
23,common
140,common
150,common
231,common
88,common
31,common
126,common
240,common
255,common
19,rare
121,uncommon
175,uncommon
24,uncommon
80,common
134,common
23,common
220,common
217,common
178,common
216,common
118,common
133,common
95,common
243,common
225,rare
32,uncommon
137,uncommon
128,uncommon
149,common
129,common
197,common
89,common
216,common
200,common
18,common
112,common
147,common
64,common
245,common
183,rare
131,uncommon
66,uncommon
128,uncommon
139,common
111,common
237,common
118,common
25,common
3,common
17,common
59,common
14,common
219,common
243,common
259,rare
122,uncommon
125,uncommon
93,uncommon
42,common
133,common
80,common
143,common
139,common
142,common
5,common
23,common
240,common
46,common
248,common
224,rare
201,uncommon
162,uncommon
33,uncommon
70,common
217,common
135,common
164,common
114,common
88,common
25,common
146,common
17,common
89,common
245,common
253,rare
26,uncommon
136,uncommon
226,uncommon
34,common
158,common
76,common
104,common
147,common
119,common
144,common
58,common
149,common
114,common
248,common
132,rare
82,uncommon
136,uncommon
155,uncommon
146,common
110,common
196,common
104,common
94,common
78,common
58,common
42,common
120,common
101,common
255,common
152,rare
33,uncommon
163,uncommon
73,uncommon
112,common
36,common
56,common
143,common
46,common
140,common
240,common
64,common
34,common
60,common
251,common
204,rare
173,uncommon
235,uncommon
116,uncommon
72,common
247,common
62,common
67,common
35,common
234,common
88,common
60,common
196,common
147,common
243,common
47,rare
194,uncommon
97,uncommon
167,uncommon
92,common
198,common
95,common
129,common
22,common
200,common
104,common
231,common
150,common
114,common
243,common
229,rare
163,uncommon
228,uncommon
121,uncommon
62,common
143,common
17,common
20,common
1,common
29,common
43,common
31,common
78,common
196,common
251,common
183,rare
177,uncommon
161,uncommon
66,uncommon
27,common
95,common
111,common
36,common
86,common
120,common
169,common
149,common
31,common
1,common
248,common
75,rare
155,uncommon
190,uncommon
186,uncommon
17,common
126,common
67,common
133,common
237,common
247,common
216,common
158,common
101,common
110,common
245,common
259,rare
32,uncommon
227,uncommon
41,uncommon
58,common
61,common
94,common
15,common
60,common
231,common
21,common
22,common
42,common
56,common
245,common
109,rare
73,uncommon
26,uncommon
161,uncommon
114,common
234,common
139,common
210,common
68,common
100,common
149,common
50,common
52,common
57,common
255,common
8,rare
24,uncommon
117,uncommon
228,uncommon
210,common
46,common
25,common
240,common
76,common
198,common
199,common
176,common
57,common
158,common
248,common
195,mythic
136,uncommon
41,uncommon
108,uncommon
237,common
220,common
70,common
110,common
112,common
174,common
134,common
158,common
149,common
217,common
245,common
160,rare
117,uncommon
125,uncommon
32,uncommon
247,common
197,common
27,common
18,common
220,common
142,common
43,common
34,common
64,common
5,common
255,common
213,mythic
97,uncommon
12,uncommon
167,uncommon
5,common
78,common
118,common
196,common
3,common
135,common
25,common
64,common
89,common
35,common
251,common
141,rare
41,uncommon
73,uncommon
194,uncommon
111,common
142,common
17,common
31,common
88,common
64,common
231,common
25,common
112,common
237,common
248,common
115,rare
66,uncommon
242,uncommon
79,uncommon
238,common
50,common
198,common
35,common
5,common
119,common
22,common
140,common
85,common
164,common
243,common
30,rare
45,uncommon
226,uncommon
125,uncommon
3,common
129,common
46,common
96,common
42,common
62,common
37,common
140,common
178,common
101,common
248,common
180,rare
16,uncommon
116,uncommon
83,uncommon
240,common
5,common
3,common
105,common
151,common
178,common
86,common
20,common
22,common
147,common
245,common
39,rare
9,uncommon
82,uncommon
185,uncommon
199,common
105,common
29,common
57,common
164,common
78,common
95,common
61,common
72,common
70,common
255,common
152,rare
187,uncommon
181,uncommon
53,uncommon
139,common
127,common
147,common
169,common
23,common
218,common
21,common
28,common
149,common
42,common
248,common
221,rare
13,uncommon
121,uncommon
156,uncommon
62,common
218,common
43,common
18,common
28,common
52,common
34,common
85,common
65,common
127,common
243,common
157,rare
137,uncommon
131,uncommon
191,uncommon
34,common
238,common
27,common
197,common
72,common
43,common
119,common
114,common
94,common
178,common
251,common
159,mythic
103,uncommon
191,uncommon
74,uncommon
216,common
119,common
247,common
65,common
118,common
199,common
120,common
234,common
23,common
169,common
251,common
49,rare
137,uncommon
87,uncommon
215,uncommon
118,common
218,common
158,common
14,common
143,common
111,common
88,common
197,common
80,common
23,common
251,common
224,rare
226,uncommon
130,uncommon
175,uncommon
1,common
217,common
118,common
56,common
169,common
112,common
129,common
92,common
197,common
20,common
248,common
165,rare
190,uncommon
206,uncommon
181,uncommon
68,common
151,common
110,common
36,common
14,common
240,common
146,common
220,common
104,common
21,common
245,common
225,rare
136,uncommon
161,uncommon
103,uncommon
193,common
28,common
178,common
15,common
67,common
50,common
217,common
134,common
172,common
200,common
243,common
63,rare
82,uncommon
11,uncommon
214,uncommon
29,common
50,common
58,common
104,common
92,common
150,common
231,common
126,common
200,common
111,common
245,common
